 14 Nov 2017, JEAN COUTU  ,-22.40,
 14 Nov 2017, SUSHI BONSA  ,-16.46,Restaurant
 14 Nov 2017, MARCHE LAURIER MONTREA  ,-14.39,Alimentation
 14 Nov 2017, RESTAURANT BOLDUC  ,-23.78,Restaurant
 14 Nov 2017, FRUITERIE 545  ,-10.26,Alimentation
 14 Nov 2017, RESTAURANT FAMEUX  ,-11.35,Restaurant
 14 Nov 2017, JEAN COUTU  ,-12.64,
 10 Nov 2017, BRUME DANS MES LUNETTE  ,-5.75,Alimentation midi
 10 Nov 2017, SUSHI BONSAI  ,-14.74,Restaurant
 09 Nov 2017,FRAIS GESTION VIREMENT INTERAC FRAIS D'OPERATION HIB- 906408426XFVW9VR2AV HREF - 171109102351 IREF - CAmMZdwb I20109639,-1.25,
 09 Nov 2017,TRANSF INF VIREMENT INTERAC Epilogue musique HIB- 906408426XFVW9VR2AV HREF - 171109102351 IREF - CAmMZdwb I20109639,-95.00,Epilogue musique
 09 Nov 2017,PMT FACT INF HSBC MASTERCARD MasterCard avion HIB- 554305897XFVHYZVQWO I20809045,-1000.00,Master card avion
 08 Nov 2017, MARCHE LAURIER MONTREA  ,-15.46,Alimentation
 08 Nov 2017, CANADIAN TIRE  ,-14.90,
 08 Nov 2017, BRUME DANS MES LUNETTE  ,-5.75,Alimentation
 08 Nov 2017, MARCHE ROYAL PLUS  ,-9.12,Alimentation
 08 Nov 2017, CLINIQUE RUE ROY  ,-15.00,Dentiste
 08 Nov 2017,PMT FACT INF HSBC MASTERCARD MasterCard HIB- 554305897XFTWTW1VDW I21904814,-600.00,Master card avion
 07 Nov 2017, UNIVERSAL MEAT MARKET  ,-9.13,
 07 Nov 2017,INTERET INT AU 06-11-17 ZDD499263,-0.20,
 07 Nov 2017, BRUME DANS MES LUNETTE  ,-4.60,Alimentation midi
 07 Nov 2017, PATISSERIE MOTTA  ,-9.20,Alimentation
 06 Nov 2017, EXPRESS ST ZOTIQUE  ,-10.14,Alimentation
 03 Nov 2017, PREMIERE MOISSON  ,-11.20,Alimentation midi
 02 Nov 2017, METRO ST HUBERT 2351  ,-13.55,
 02 Nov 2017, PATISSERIE MOTTA  ,-9.19,Alimentation midi
 02 Nov 2017,PMT FACT INF HSBC MASTERCARD MasterCard HIB- 349324849XFNTB5LMDT I20305308,-500.00,Mastercard
 01 Nov 2017,PRIME ASSURANCE S.INS: 550-018301-150-00 Premium .03 Tax     .00 ZCRI99993,-0.03,
 01 Nov 2017, MARCHE LAURIER MONTREA  ,-18.79,Alimentation
 01 Nov 2017, CANADIAN TIRE  ,-8.04,
 31 Oct 2017, MARCHE LAURIER MONTREA  ,-10.99,Alimentation
 31 Oct 2017, SUSHI BONSAI  ,-12.44,Restaurant
 30 Oct 2017, MARCHE LAURIER MONTREA  ,-13.61,Alimentation
 30 Oct 2017, MARCHE ROYAL PLUS  ,-7.74,Alimentation midi
 30 Oct 2017, MARCHE LAURIER MONTREA  ,-7.86,Alimentation
 30 Oct 2017, RESTAURANT FAMEUX  ,-14.81,Restaurant
 30 Oct 2017, A&W  ,-9.52,Restaurant
 30 Oct 2017, MYRIADE ESPRESSO BAR  ,-8.91,
 30 Oct 2017, DOLLARAMA  ,-14.74,
 30 Oct 2017, COUTURE CARLYLE  ,-13.80,
 30 Oct 2017, FRIPE-PRIX DES VALEURS  ,-9.24,
 27 Oct 2017,FRAIS GESTION VIREMENT INTERAC FRAIS D'OPERATION HIB- 94297505XFHHG4RXS2 HREF - 171027102971 IREF - CAA8EcN7 I20204643,-1.25,
 27 Oct 2017,TRANSF INF VIREMENT INTERAC Audrey Pignon HIB- 94297505XFHHG4RXS2 HREF - 171027102971 IREF - CAA8EcN7 I20204643,-119.00,Audrey Pignon
 27 Oct 2017,TRANSF INF A         550-018301-203 Economies HIB- 10765639XFHBMTRKGQ I20909986,-900.00,Virement interact
 27 Oct 2017, PATISSERIE MOTTA  ,-9.19,Alimentation midi
 26 Oct 2017, MARCHE 3 PILIERS  ,-8.29,
 26 Oct 2017, LA PANTHERE VERTE  ,-16.29,Restaurant
 26 Oct 2017,PMT PREAUTORIS HYDRO-QUEBEC    BPY EF0160815108266000000443 ZEFT03547,-80.43,Hydro quebec
 26 Oct 2017,PMT FACT INF HSBC MASTERCARD MasterCard HIB- 554305897XFG203QJ08 I21001584,-117.74,Mastercard
 25 Oct 2017,TRANSF INF VIREMENT INTERAC DEPOT DE FONDS HIB- 54377007XFFCVMXVXN HREF - 171025302254 IREF - CAs9JFvd I20901703,28.09,Virement interact
 25 Oct 2017,TRANSF INF VIREMENT INTERAC DEPOT DE FONDS HIB- 54377007XFFC0PQMTK HREF - 171025302164 IREF - CAtWa3Jv I20507684,60.00,Virement interact
 25 Oct 2017,TRANSF INF VIREMENT INTERAC DEPOT DE FONDS HIB- 230632946XFFBZ7TANP HREF - 171025302159 IREF - CA4eNn6M I21505018,26.03,Virement interact
 25 Oct 2017, PATISSERIE MOTTA  ,-9.19,Alimentation midi
 24 Oct 2017, MARCHE LAURIER MONTREA  ,-15.66,Alimentation
 24 Oct 2017, MARCHE ROYAL PLUS  ,-7.47,Alimentation midi
 23 Oct 2017, BRUME DANS MES LUNETTE  ,-5.75,Alimentation midi
 23 Oct 2017, MARCHE ROYAL PLUS  ,-10.02,Alimentation midi
 23 Oct 2017,TRANSF INF DE        550-018301-203 HIB- 691923441XFCPBM93RZ I20904825,600.00,Virement interact
 23 Oct 2017, DEPANNEUR SAUVE  ,-18.89,
 23 Oct 2017, STM JEAN TALON DIN101  ,-27.00,Metro
 23 Oct 2017, TARTINE & CHOCOLAT  ,-7.87,
 23 Oct 2017,RETRAIT ESP GA 4506 SAINT-DENIS ST  ,-100.00,Retrait especes
 23 Oct 2017, SUSHI BONSA  ,-12.44,Restaurant
 20 Oct 2017,PRIME ASSURANCE S.INS: 550-018301-800-00 Premium 29.90 Tax     2.69 ZCRI99993,-32.59,
 20 Oct 2017, SUPER DEPANNEUR BON AI  ,-10.94,
 20 Oct 2017, MABRASSERIE  ,-19.00,
 20 Oct 2017, SAN GENNARO  ,-6.61,
 20 Oct 2017, VRAC EN FOLIE  ,-18.24,
 20 Oct 2017, PATISSERIE MOTTA  ,-9.19,Alimentation midi
 19 Oct 2017,RAB FRAIS GA FRAIS AUTRES GA ZZXX01195,2.00,
 19 Oct 2017, M4 BURRITOS ST DENIS  ,-10.47,
 19 Oct 2017,RETRAIT ESP GA PROVISOIR  ,-63.00,Retrait especes
 19 Oct 2017, DEPANNEUR ST ZOTIQUE 2  ,-5.68,Alimentation midi
 18 Oct 2017, REST CASA DO ALENTEJO  ,-41.63,Restaurant
 18 Oct 2017, BRUME DANS MES LUNETTE  ,-6.00,Alimentation midi
 18 Oct 2017, MARCHE ROYAL PLUS  ,-7.23,Alimentation midi
 17 Oct 2017, DEPANNEUR BOUCHE TROU  ,-7.63,
 17 Oct 2017, MARCHE LAURIER MONTREA  ,-9.28,Alimentation
 17 Oct 2017, BRUME DANS MES LUNETTE  ,-5.75,Alimentation midi
 17 Oct 2017, MARCHE ROYAL PLUS  ,-14.22,Alimentation midi
 17 Oct 2017,PMT FACT INF HSBC MASTERCARD MasterCard HIB- 62995180XF660GMBC2 I20509281,-374.06,Mastercard
﻿ 16 Oct 2017, RESTO BAR LAURIER  ,-7.00,
 16 Oct 2017, MARCHE LAURIER MONTREA  ,-16.89,Alimentation
 16 Oct 2017, MARCHE ROYAL PLUS  ,-9.77,Alimentation midi
 16 Oct 2017, CINEPLEX  ,-5.16,Cinema
 16 Oct 2017, HOCHE CAFE  ,-6.45,
 16 Oct 2017, MARCHE LAURIER MONTREA  ,-11.57,Alimentation
 13 Oct 2017, BAR LE VESTIAIRE  ,-22.14,Restaurant
 13 Oct 2017, MARCHE ROYAL PLUS  ,-8.84,Alimentation midi
 12 Oct 2017, MARCHE LAURIER MONTREA  ,-15.76,Alimentation
 12 Oct 2017, A&W  ,-10.21,Restaurant
 12 Oct 2017,TRANSF INF VIREMENT INTERAC DEPOT DE FONDS HIB- 832824103XF0S3PZOYQ HREF - 171012301257 IREF - CAfvw4uq I20509236,2018.23,Virement interact
 12 Oct 2017, ACCES SPORTS SMT SAAQ  ,-94.33,
 11 Oct 2017,CHEQUE      000000000119 ZTAP04811,-680.65,Puis lumiere
 11 Oct 2017, LE COIN GOURMET  ,-2.00,
 11 Oct 2017, PREMIERE MOISSON  ,-10.63,Alimentation midi
 11 Oct 2017,PMT FACT INF HSBC MASTERCARD MasterCard HIB- 67059396XEZIFTP0RO I20100061,-200.00,Mastercard
 10 Oct 2017, DEPANNEUR BOUCHE TROU  ,-3.64,
 10 Oct 2017, MARCHE LAURIER MONTREA  ,-15.84,Alimentation
 10 Oct 2017, BRUME DANS MES LUNETTE  ,-8.05,Alimentation midi
 10 Oct 2017, MARCHE ROYAL PLUS  ,-8.68,Alimentation midi
 10 Oct 2017, TIM HORTONS  ,-3.20,
 10 Oct 2017, UNIVERSAL MEAT MARKET  ,-9.00,
 10 Oct 2017, BONISOIR 2059  ,-31.30,
 10 Oct 2017, B AND M RESTAURANT  ,-22.48,Restaurant
 10 Oct 2017, DEPANNEUR BOUCHE TROU  ,-6.63,
 10 Oct 2017, TRIP DE BOUFFE  ,-14.75,Restaurant
 10 Oct 2017, REMISE BIBLIOTHEQUE D  ,-60.00,La remise
 10 Oct 2017, PHARMAPRIX  ,-24.14,
 10 Oct 2017, RESTAURANT FAMEUX  ,-14.33,Restaurant
 06 Oct 2017, DEPANNEUR FLEUR BLEU  ,-21.68,
 06 Oct 2017, THE HOME DEPOT  ,-2.84,
 06 Oct 2017, MARCHE ROYAL PLUS  ,-4.59,Alimentation midi
 05 Oct 2017, TRIP DE BOUFFE  ,-4.99,Restaurant
 05 Oct 2017, A&W  ,-12.65,Restaurant
 05 Oct 2017, THE HOME DEPOT  ,-24.62,
 05 Oct 2017, MARCHE ROYAL PLUS  ,-9.74,Alimentation midi
 04 Oct 2017, LA PANTHERE VERTE  ,-12.67,Restaurant
 04 Oct 2017, RESTAURANT SUSHI SAMA  ,-14.46,Restaurant
 03 Oct 2017, VICES & VERSA BISTRO D  ,-22.43,Restaurant
 03 Oct 2017, BRUME DANS MES LUNETTE  ,-5.75,Alimentation midi
 03 Oct 2017, MARCHE ROYAL PLUS  ,-8.43,Alimentation midi
 03 Oct 2017,TRANSF INF A         550-018301-203 Economie HIB- 509800894XEQRJJBTOB I21301339,-500.00,Virement interact
 03 Oct 2017,PMT FACT INF HSBC MASTERCARD MasterCard HIB- 509800894XEQRGVYQL6 I21301307,-900.17,Mastercard
 02 Oct 2017, MARCHE ROYAL PLUS  ,-5.25,Alimentation midi
 02 Oct 2017, MARCHE ROYAL PLUS  ,-13.16,Alimentation midi
 02 Oct 2017, MARCHE LAURIER MONTREA  ,-27.14,Alimentation
 02 Oct 2017,FRAIS GESTION VIREMENT INTERAC FRAIS D'OPERATION HIB- 54080585XEOOZCRF3U HREF - 171001102338 IREF - CAdNMHgp I20305081,-1.25,
 02 Oct 2017,TRANSF INF VIREMENT INTERAC Justine Bakoly HIB- 54080585XEOOZCRF3U HREF - 171001102338 IREF - CAdNMHgp I20305081,-161.15,Justine Bakoly
 29 Sep 2017, TIM HORTONS  ,-4.97,
 29 Sep 2017, TRIP DE BOUFFE  ,-11.32,Restaurant
 29 Sep 2017,TRANSF INF VIREMENT INTERAC DEPOT DE FONDS HIB- 782277224XEMCEXJ1JL HREF - 170929301594 IREF - CA2ymzrQ I20705152,2323.90,Virement interact
 28 Sep 2017, MARCHE LAURIER MONTREA  ,-7.68,Alimentation
 28 Sep 2017, TAMPOPO  ,-25.53,Restaurant
 28 Sep 2017, MARCHE ROYAL PLUS  ,-3.44,Alimentation midi
 27 Sep 2017, MARCHE LAURIER MONTREA  ,-18.77,Alimentation
 27 Sep 2017, BRUME DANS MES LUNETTE  ,-5.75,Alimentation midi
 27 Sep 2017, MARCHE ROYAL PLUS  ,-9.29,Alimentation midi
 26 Sep 2017, CREMERIE MEU MEU  ,-14.01,Restaurant
 26 Sep 2017, MARCHE ROYAL PLUS  ,-7.68,Alimentation midi
 25 Sep 2017, DEPANNEUR MABOULE 2010  ,-3.55,
 25 Sep 2017, SUSHI BONSA  ,-13.59,Restaurant
 25 Sep 2017, BRUME DANS MES LUNETTE  ,-5.75,Alimentation midi
 25 Sep 2017, MARCHE ROYAL PLUS  ,-9.67,Alimentation midi
 25 Sep 2017, BONISOIR 2059  ,-19.89,
 25 Sep 2017, RESTAURANT FAMEUX  ,-11.82,Restaurant
 25 Sep 2017, DEPANNEUR VILAMAR  ,-13.85,
 22 Sep 2017, DEPANNEUR BEAULIEU 201  ,-28.34,
 22 Sep 2017, EXPRESS ST ZOTIQUE  ,-19.77,
 22 Sep 2017, SUSHI BONSAI  ,-9.14,Restaurant
 21 Sep 2017, BYBLOS LE PETIT CAFE I  ,-5.55,Restaurant
 20 Sep 2017,PRIME ASSURANCE S.INS: 550-018301-800-00 Premium 29.90 Tax     2.69 ZCRI99993,-32.59,
 20 Sep 2017, DEPANNEUR BOUCHE TROU  ,-11.95,
 20 Sep 2017, MARCHE ROYAL PLUS  ,-12.13,Alimentation midi
 19 Sep 2017, PREMIERE MOISSON  ,-10.33,Alimentation midi
 18 Sep 2017, MARCHE LAURIER MONTREA  ,-7.78,Alimentation
 18 Sep 2017, MARCHE ROYAL PLUS  ,-7.61,Alimentation midi
 18 Sep 2017, TRIP DE BOUFFE  ,-4.85,Restaurant
 18 Sep 2017, ART POP MONTREAL  ,-22.94,
 18 Sep 2017, BAR AUPRES DE MA BLOND  ,-14.55,Restaurant
 18 Sep 2017, RESERVOIR  ,-20.99,Restaurant
 18 Sep 2017, WILFRID  SUR LAURIER  ,-25.13,
 15 Sep 2017, BAR LE VESTIAIRE  ,-16.10,Restaurant
 15 Sep 2017,PMT FACT INF HSBC MASTERCARD Mastercard HIB- 823877629XE71CC3DS8 I20207519,-200.00,Mastercard
 15 Sep 2017,TRANSF INF A         550-018301-203 HIB- 823877629XE71AC92IK I20407353,-800.00,Virement interact
 15 Sep 2017,TRANSF INF VIREMENT INTERAC DEPOT DE FONDS HIB- 202548267XE718131NR HREF - 170915302377 IREF - CAKRBTU6 I20103586,14.00,Virement interact
 15 Sep 2017, BRUME DANS MES LUNETTE  ,-5.75,Alimentation midi
 15 Sep 2017, SUSHI BONSAI  ,-22.90,Restaurant
 14 Sep 2017, TRIP DE BOUFFE  ,-13.64,Restaurant
 14 Sep 2017, ASSOCIATION RECREATIVE  ,-4.00,
 14 Sep 2017, BRUME DANS MES LUNETTE  ,-7.46,Alimentation midi
 14 Sep 2017, MARCHE ROYAL PLUS  ,-8.88,Alimentation midi
 14 Sep 2017,FRAIS GESTION VIREMENT INTERAC FRAIS D'OPERATION HIB- 54080585XE58I5PBYV HREF - 170913103050 IREF - CAPVJvau I22204491,-1.25,
 14 Sep 2017,TRANSF INF VIREMENT INTERAC Elodie royer HIB- 54080585XE58I5PBYV HREF - 170913103050 IREF - CAPVJvau I22204491,-18.00,Elodie Royer
 13 Sep 2017, MARCHE LAURIER MONTREA  ,-10.72,Alimentation
 13 Sep 2017, BRUME DANS MES LUNETTE  ,-5.75,
 13 Sep 2017, MARCHE ROYAL PLUS  ,-6.26,Alimentation midi
 13 Sep 2017,FRAIS GESTION VIREMENT INTERAC FRAIS D'OPERATION HIB- 54080585XE4NYHSII7 HREF - 170913100567 IREF - CAvzF6cF I21001524,-1.25,
 13 Sep 2017,TRANSF INF VIREMENT INTERAC Daniel Mesmin HIB- 54080585XE4NYHSII7 HREF - 170913100567 IREF - CAvzF6cF I21001524,-74.30,Daniel Mesmin
 12 Sep 2017, MARCHE LAURIER MONTREA  ,-8.03,Alimentation
 12 Sep 2017, MARCHE ROYAL PLUS  ,-13.02,Alimentation midi
 11 Sep 2017, PETRO-CANADA  ,-7.57,
 11 Sep 2017, PROVIGO CHERTSEY  ,-105.98,Alimentation
 08 Sep 2017, LA HALTE JARDINIERE  ,-41.07,
 08 Sep 2017, PATISSERIE MOTTA  ,-9.19,
 07 Sep 2017, SIBOIRE ST LAURENT  ,-21.85,
 07 Sep 2017,INTERET INT AU 06-09-17 ZDD490002,-0.10,
 07 Sep 2017, FRENCO VRAC QFF  ,-11.77,
 07 Sep 2017, MARCHE ROYAL PLUS  ,-7.83,Alimentation midi
 06 Sep 2017, POUTINEVILLE PARC  ,-19.84,
 06 Sep 2017, MARCHE ROYAL PLUS  ,-8.62,Alimentation midi
 05 Sep 2017, MARCHE LAURIER MONTREA  ,-7.39,Alimentation
 05 Sep 2017, BRUME DANS MES LUNETTE  ,-5.75,
 05 Sep 2017, MARCHE ROYAL PLUS  ,-5.06,Alimentation midi
 05 Sep 2017, SUSHI BONSA  ,-17.01,Restaurant
 05 Sep 2017, TRIP DE BOUFFE  ,-8.85,
 05 Sep 2017, PAUSE ET VOUS  ,-30.48,Restaurant
 05 Sep 2017, CAFE PISTA  ,-7.48,
 05 Sep 2017,RETRAIT ESP GA 4506 SAINT-DENIS ST  ,-80.00,Retrait especes
 05 Sep 2017, DEPANNEUR MABOULE 2010  ,-5.49,
 05 Sep 2017, SEGUIN & LEGAULT  ,-3.55,
 05 Sep 2017, SEGUIN & LEGAULT  ,-18.95,
 05 Sep 2017, LE VALET D`COEUR  ,-3.45,
 05 Sep 2017,PMT FACT INF HSBC MASTERCARD MasterCard HIB- 473844753XDSFAR9427 I21403656,-351.32,Mastercard
 01 Sep 2017,PRIME ASSURANCE S.INS: 550-018301-150-00 Premium .02 Tax     .00 ZCRI99993,-0.02,
 01 Sep 2017, MARCHE LAURIER MONTREA  ,-10.06,Alimentation
 01 Sep 2017, DEPANNEUR ST ZOTIQUE 2  ,-2.98,
 01 Sep 2017, MARCHE ROYAL PLUS  ,-9.34,Alimentation midi
 31 Aug 2017, DIESE ONZE JAZZ CLUB  ,-8.05,
 31 Aug 2017, MARCHE LAURIER MONTREA  ,-16.73,Alimentation
 31 Aug 2017, BRUME DANS MES LUNETTE  ,-5.75,
 31 Aug 2017, MARCHE ROYAL PLUS  ,-7.08,Alimentation midi
 31 Aug 2017,PMT FACT INF HSBC MASTERCARD MasterCard HIB- 498047810XDQ8DVY2HK I21401156,-895.30,Mastercard
 29 Aug 2017, BRUME DANS MES LUNETTE  ,-7.46,
 29 Aug 2017, MARCHE ROYAL PLUS  ,-4.54,
 28 Aug 2017, MARCHE LAURIER MONTREA  ,-7.88,Alimentation
 28 Aug 2017, MARCHE ROYAL PLUS  ,-9.14,Alimentation midi
 28 Aug 2017, SEPAQ OKA  ,-4.34,
 25 Aug 2017, BRUME DANS MES LUNETTE  ,-7.00,
 25 Aug 2017, MARCHE ROYAL PLUS  ,-7.15,Alimentation midi
 24 Aug 2017,RAB FRAIS GA FRAIS AUTRES GA ZZXX01267,2.00,
 24 Aug 2017,RETRAIT ESP GA ATM NETWORK MOBILE  ,-82.50,Retrait especes
 24 Aug 2017, BRUME DANS MES LUNETTE  ,-7.46,
 24 Aug 2017, MARCHE ROYAL PLUS  ,-7.34,Alimentation midi
 23 Aug 2017, MARCHE LAURIER MONTREA  ,-12.03,Alimentation
 23 Aug 2017, BRUME DANS MES LUNETTE  ,-5.75,
 23 Aug 2017, MARCHE ROYAL PLUS  ,-8.49,Alimentation midi
 22 Aug 2017, UNIVERSAL MEAT MARKET  ,-9.90,
 21 Aug 2017,PRIME ASSURANCE S.INS: 550-018301-800-00 Premium 29.90 Tax     2.69 ZCRI99993,-32.59,
 21 Aug 2017, MARCHE ROYAL PLUS  ,-2.83,Alimentation midi
 21 Aug 2017, MARCHE ROYAL PLUS  ,-5.69,Alimentation midi
 21 Aug 2017, BOULANGERIE PATISSERIE  ,-6.03,
 18 Aug 2017, DEPANNEUR CONCORDE  ,-8.80,
 18 Aug 2017, MARCHE ROYAL PLUS  ,-5.34,Alimentation midi
 17 Aug 2017,CHEQUE      000000000127 ZTAP04794,-1950.01,Assurance Immeuble
 17 Aug 2017, ASSOCIATION RECREATIVE  ,-4.00,
 17 Aug 2017, MARCHE ROYAL PLUS  ,-5.53,Alimentation midi
 17 Aug 2017, MARCHE ROYAL PLUS  ,-9.58,Alimentation midi
 16 Aug 2017, BRUME DANS MES LUNETTE  ,-7.00,Alimentation midi
 16 Aug 2017, MARCHE ROYAL PLUS  ,-7.40,Alimentation midi
 15 Aug 2017, MARCHE ROYAL PLUS  ,-6.43,Alimentation midi
 15 Aug 2017, SUSHI BONSAI  ,-14.74,Restaurant
 15 Aug 2017, MARCHE ROYAL PLUS  ,-3.20,Alimentation midi
 14 Aug 2017,FRAIS GESTION VIREMENT INTERAC FRAIS D'OPERATION HIB- 692621689XD81Z86LJI HREF - 170814102671 IREF - CA5p3cyt I21000101,-1.25,
 14 Aug 2017,TRANSF INF VIREMENT INTERAC Leroy Nicolas HIB- 692621689XD81Z86LJI HREF - 170814102671 IREF - CA5p3cyt I21000101,-14.00,Nicolas Leroy
 14 Aug 2017, LA CARRETA  ,-5.75,
 14 Aug 2017, MARCHE ROYAL PLUS  ,-8.44,Alimentation midi
 14 Aug 2017, FRUITERIE MUSCAT  ,-12.23,
 14 Aug 2017, FRUITERIE MUSCAT  ,-6.46,
 14 Aug 2017, CPC/ SCP RC  ,-1.15,
 11 Aug 2017, METRO BEAULIEU LAURIER  ,-20.19,Alimentation
 11 Aug 2017, BOULANGERIE VASCONIA  ,-7.40,
 10 Aug 2017, ASSOCIATION RECREATIVE  ,-4.00,
 10 Aug 2017, MARCHE ROYAL PLUS  ,-7.98,Alimentation midi
 09 Aug 2017, MARCHE 3 PILIERS  ,-17.26,
 08 Aug 2017,INTERET INT AU 07-08-17 ZDD400948,-0.07,
 08 Aug 2017, DEPANNEUR 7 JOURS  ,-5.41,
 08 Aug 2017, MARCHE ROYAL PLUS  ,-7.82,
 08 Aug 2017, MARCHE ROYAL PLUS  ,-4.64,
 08 Aug 2017, STARBUCKS  ,-6.90,
 08 Aug 2017, DEPANNEUR ST ZOTIQUE 2  ,-3.00,
 08 Aug 2017, MARCHE ROYAL PLUS  ,-8.07,Alimentation midi
 08 Aug 2017, MARCHE ROYAL PLUS  ,-2.98,Alimentation midi
 08 Aug 2017, TRIP DE BOUFFE  ,-15.93,Restaurant
 04 Aug 2017, SALLE DE QUILLES LE FO  ,-10.15,Loisirs
 04 Aug 2017, MARCHE ROYAL PLUS  ,-7.43,Alimentation midi
 03 Aug 2017, PETRO-CANADA  ,-24.60,Essences
 03 Aug 2017, ASSOCIATION RECREATIVE  ,-4.00,
 03 Aug 2017, MARCHE ROYAL PLUS  ,-4.48,Alimentation midi
 03 Aug 2017,PMT FACT INF HSBC MASTERCARD MasterCard HIB- 926053500XCVE2ZKG8H I21207776,-588.67,Mastercard
 02 Aug 2017, BANQ  ,-3.60,
 01 Aug 2017, LA CARRETA  ,-5.15,
 01 Aug 2017, MARCHE ROYAL PLUS  ,-6.76,Alimentation midi
 01 Aug 2017,PMT PREAUTORIS HYDRO-QUEBEC    BPY EF0160815108146000002449 ZEFT03497,-78.76,Hydro quebec
 31 Jul 2017, MARCHE ROYAL PLUS  ,-6.48,Alimentation midi
 31 Jul 2017, MARCHE ROYAL PLUS  ,-8.24,Alimentation midi
 31 Jul 2017, TRIP DE BOUFFE  ,-17.34,Restaurant
 31 Jul 2017, DEPANNEUR FLEUR BLEU  ,-8.75,
 31 Jul 2017,FRAIS GESTION VIREMENT INTERAC FRAIS D'OPERATION HIB- 987211469XCQ10XOSA4 HREF - 170729100737 IREF - CAdYMG6b I20504706,-1.25,
 31 Jul 2017,TRANSF INF VIREMENT INTERAC Christophe Lepere HIB- 987211469XCQ10XOSA4 HREF - 170729100737 IREF - CAdYMG6b I20504706,-15.68,Christophe Lepere
 28 Jul 2017,RAB FRAIS GA FRAIS AUTRES GA ZZXX01444,2.00,
 28 Jul 2017, DEPANNEUR VILAMAR  ,-17.37,
 28 Jul 2017,RETRAIT ESP GA 5455  ST LAURENT  ,-83.00,Retrait especes
 28 Jul 2017, MARCHE ROYAL PLUS  ,-5.69,Alimentation midi
 27 Jul 2017,CHEQUE      000000000118 ZTAP04787,-270.31,
 27 Jul 2017, MARCHE ROYAL PLUS  ,-7.52,Alimentation midi
 26 Jul 2017, ASSOCIATION RECREATIVE  ,-4.00,
 26 Jul 2017, MARCHE LAURIER MONTREA  ,-13.88,Alimentation
 25 Jul 2017, COUCHETARD  ,-8.57,
 25 Jul 2017, MARCHE ROYAL PLUS  ,-8.31,Alimentation midi
 24 Jul 2017, MARCHE LAURIER MONTREA  ,-6.28,Alimentation
 24 Jul 2017, MARCHE LAURIER MONTREA  ,-15.38,Alimentation
 24 Jul 2017,PMT FACT INF HSBC MASTERCARD MasterCard HIB- 545470067XCKMC3223M I20103318,-522.75,Mastercard
 24 Jul 2017, MARCHE ROYAL PLUS  ,-10.86,Alimentation midi
 24 Jul 2017, MARCHE ROYAL PLUS  ,-11.27,Alimentation midi
 24 Jul 2017, MARCHE ROYAL PLUS  ,-4.11,Alimentation midi
 24 Jul 2017, SUSHI BONSA  ,-16.47,Restaurant
 21 Jul 2017, DEPANNEUR FLEUR BLEU  ,-19.60,
 21 Jul 2017, MARCHE LAURIER MONTREA  ,-21.21,Alimentation
 21 Jul 2017, CPC/ SCP RC  ,-1.15,
 21 Jul 2017,PMT FACT INF HSBC MASTERCARD payement mastercard HIB- 202302635XCH3P9WFUQ I20801223,-100.00,Mastercard
 21 Jul 2017,TRANSF INF VIREMENT INTERAC DEPOT DE FONDS HIB- 563809041XCH3LFT96H HREF - 170721300612 IREF - CAaSwXpc I21102666,53.00,Virement interact
 21 Jul 2017,TRANSF INF VIREMENT INTERAC DEPOT DE FONDS HIB- 987211469XCH3JQXT4O HREF - 170721300605 IREF - CAQvGwVf I20801164,60.00,Virement interact
 20 Jul 2017,PRIME ASSURANCE S.INS: 550-018301-800-00 Premium 29.90 Tax     2.69 ZCRI99993,-32.59,
 20 Jul 2017, CAFE SANTROPOL  ,-20.40,Restaurant
 20 Jul 2017, ASSOCIATION RECREATIVE  ,-4.00,
 20 Jul 2017, DEPANNEUR ST ZOTIQUE 2  ,-4.24,
 20 Jul 2017, MARCHE ROYAL PLUS  ,-6.42,Alimentation midi
 19 Jul 2017, DUMPLINGS HOME  ,-6.64,
 18 Jul 2017, MARCHE LAURIER MONTREA  ,-10.62,Alimentation
 17 Jul 2017,FRAIS GESTION VIREMENT INTERAC FRAIS D'OPERATION HIB- 563809041XCC5T3BJJK HREF - 170716101820 IREF - CAkSeknD I21008194,-1.25,
 17 Jul 2017,TRANSF INF VIREMENT INTERAC Arnaud lassignardie HIB- 563809041XCC5T3BJJK HREF - 170716101820 IREF - CAkSeknD I21008194,-154.00,Arnaud
 17 Jul 2017, DEPANNEUR BOUCHE TROU  ,-16.05,
 17 Jul 2017, SUSHI BONSA  ,-15.31,Restaurant
 17 Jul 2017, CENTRE DU RASOIR  ,-22.99,
 17 Jul 2017, FRENCO VRAC QFF  ,-20.28,
 14 Jul 2017, DEPANNEUR LES ETOILES  ,-9.24,
 14 Jul 2017, RECREATION  ,-8.05,
 14 Jul 2017, MARCHE ROYAL PLUS  ,-6.83,Alimentation midi
 13 Jul 2017, MARCHE LAURIER MONTREA  ,-15.02,Alimentation
 13 Jul 2017, MARCHE ROYAL PLUS  ,-8.51,Alimentation midi
 13 Jul 2017, A&W  ,-11.27,
 12 Jul 2017, EPICERIE  ,-8.13,
 12 Jul 2017, ASSOCIATION RECREATIVE  ,-14.00,
 12 Jul 2017, PATISSERIE MOTTA  ,-15.70,
 11 Jul 2017, DEPANNEUR DATANG  ,-12.30,
 11 Jul 2017, TRIP DE BOUFFE  ,-4.99,
 10 Jul 2017, FRITE ALORS  ,-22.48,Restaurant
 10 Jul 2017, ASSOCIATION RECREATIVE  ,-8.00,
 10 Jul 2017, TRIP DE BOUFFE  ,-9.53,
 10 Jul 2017, SUSHI BONSA  ,-11.29,Restaurant
 10 Jul 2017, FRUITERIE 545  ,-10.42,Alimentation
 10 Jul 2017, TRIP DE BOUFFE  ,-9.92,
 10 Jul 2017, FRUITERIE MUSCAT  ,-6.58,
 06 Jul 2017, MARCHE LAURIER MONTREA  ,-11.85,Alimentation
 06 Jul 2017,PMT FACT INF HSBC MASTERCARD MasterCard HIB- 273586X9266 IB0605810,-257.96,Mastercard
 06 Jul 2017, MARCHE ROYAL PLUS  ,-8.09,Alimentation midi
 06 Jul 2017, MARCHE ROYAL PLUS  ,-6.89,Alimentation midi
 06 Jul 2017,FRAIS GESTION VIREMENT INTERAC FRAIS D'OPERATION HIB- 273586X7736 HREF - 170706100597 IREF - CAmuby5j IB1302317,-1.25,
 06 Jul 2017,TRANSF INF VIREMENT INTERAC Remi Saminadin HIB- 273586X7736 HREF - 170706100597 IREF - CAmuby5j IB1302317,-73.75,Remi Saminadin
 06 Jul 2017,TRANSF INF A         550-018301-203 Économie HIB- 273586X7187 IB1302290,-1500.00,Economies
 05 Jul 2017, METRO BEAULIEU LAURIER  ,-4.93,
 05 Jul 2017, BAR LE VESTIAIRE  ,-10.99,
 05 Jul 2017, MARCHE ROYAL PLUS  ,-6.87,Alimentation midi
 05 Jul 2017, SUBWAY  ,-9.53,
 04 Jul 2017, MARCHE ROYAL PLUS  ,-8.17,
 04 Jul 2017, LE BARIL ROULANT  ,-6.90,
 04 Jul 2017, CAFE O MARGUERITES  ,-11.83,
 04 Jul 2017, CAFE O MARGUERITES  ,-12.49,
 30 Jun 2017, DEPANNEUR BOUCHE TROU  ,-25.35,
 30 Jun 2017, MARCHE ROYAL PLUS  ,-10.03,
 29 Jun 2017, A & W  ,-10.29,
 29 Jun 2017, MARCHE LAURIER MONTREA  ,-12.91,Alimentation
 28 Jun 2017, MARCHE LAURIER MONTREA  ,-13.20,Alimentation
 27 Jun 2017, MARCHE LAURIER MONTREA  ,-15.43,Alimentation
 27 Jun 2017, MARCHE ROYAL PLUS  ,-3.33,
 27 Jun 2017, MARCHE ROYAL PLUS  ,-8.67,
 26 Jun 2017, BAR AUPRES DE MA BLOND  ,-23.45,Restaurant
 26 Jun 2017, TRIP DE BOUFFE  ,-4.99,
 26 Jun 2017,PMT FACT INF HSBC MASTERCARD MasterCard HIB- 273273X198832 IB0906546,-119.87,Mastercard
 26 Jun 2017, RESTAURANT CHEZ CLAUDE  ,-14.48,Restaurant
 22 Jun 2017, MARCHE ROYAL PLUS  ,-8.98,Alimentation midi
 22 Jun 2017,TRANSF INF A         550-018301-203 Économie HIB- 273230X278599 IB1804201,-1000.00,Virement interact
 22 Jun 2017,PMT FACT INF HSBC MASTERCARD MasterCard HIB- 273230X278595 IB2009616,-783.22,Mastercard
 21 Jun 2017, MARCHE ROYAL PLUS  ,-7.19,Alimentation midi
 20 Jun 2017,PRIME ASSURANCE S.INS: 550-018301-800-00 Premium 29.90 Tax     2.69 ZCRI99993,-32.59,
 20 Jun 2017, MARCHE ROYAL PLUS  ,-6.85,Alimentation midi
 19 Jun 2017,TRANSF INF VIREMENT INTERAC DEPOT DE FONDS HIB- 273226X263999 HREF - 170619302196 IREF - CAP3VSNP IB0103960,600.00,Virement interact
 19 Jun 2017,RETRAIT ESP GA 4506 SAINT-DENIS ST  ,-360.00,Puis lumiere
 19 Jun 2017,TRANSF INF VIREMENT INTERAC DEPOT DE FONDS HIB- 273243X260445 HREF - 170617301138 IREF - CAUfEWbX IB1501338,157.00,Virement interact
 16 Jun 2017, MARCHE ROYAL PLUS  ,-7.02,Alimentation midi
 16 Jun 2017,FRAIS GESTION VIREMENT INTERAC FRAIS D'OPERATION HIB- 273226X252589 HREF - 170616100871 IREF - CAbCuSjT IB0307911,-1.25,
 16 Jun 2017,TRANSF INF VIREMENT INTERAC Melanie benchetrit HIB- 273226X252589 HREF - 170616100871 IREF - CAbCuSjT IB0307911,-90.00,Melanie Benchetrit
 15 Jun 2017,FRAIS GESTION VIREMENT INTERAC FRAIS D'OPERATION HIB- 273273X162527 HREF - 170615102761 IREF - CAP2tv6S IB1201298,-1.25,
 15 Jun 2017,TRANSF INF VIREMENT INTERAC Epilogue musique HIB- 273273X162527 HREF - 170615102761 IREF - CAP2tv6S IB1201298,-36.75,Epilogue musique
 14 Jun 2017,RETRAIT ESP GA 4506 SAINT-DENIS ST  ,-60.00,Retrait especes
 14 Jun 2017, MARCHE ROYAL PLUS  ,-7.48,Alimentation midi
 14 Jun 2017, DEPANNEUR LEE  ,-24.94,
 12 Jun 2017,RAB FRAIS GA FRAIS AUTRES GA ZZXX04106,2.00,
 12 Jun 2017, JEAN COUTU  ,-6.88,
 12 Jun 2017, MARCHE ROYAL PLUS  ,-5.37,
 12 Jun 2017, A&W  ,-11.27,
 12 Jun 2017, ULTRAMAR  ,-15.00,
 12 Jun 2017, FAMEUX VIANDE FUMEE  ,-10.24,
 12 Jun 2017,RETRAIT ESP GA VILLAGE AU PIED DU COU  ,-62.50,Retrait especes
 12 Jun 2017, PREMIERE MOISSON  ,-10.34,
 12 Jun 2017, RONA QUINC J HEBERT  ,-3.32,
 09 Jun 2017, MARCHE ROYAL PLUS  ,-7.56,Alimentation midi
 09 Jun 2017, MARCHE ROYAL PLUS  ,-3.59,Alimentation midi
 09 Jun 2017,PMT FACT INF HSBC MASTERCARD MasterCard HIB- 273243X223020 IB1803363,-1000.00,Mastercard
 09 Jun 2017,TRNSF INTERBQ 25 Walbrook     MSP EF0160003004803315468112 ZEFT03465,0.03,
 08 Jun 2017, JEAN COUTU  ,-11.31,
 08 Jun 2017, BAR LE VESTIAIRE  ,-23.58,Restaurant
 08 Jun 2017, MARCHE ROYAL PLUS  ,-7.70,
 07 Jun 2017, MARCHE ROYAL PLUS  ,-6.19,
 06 Jun 2017, DEPANNEUR BOUCHE TROU  ,-19.89,
 06 Jun 2017, YOKATO YOKABAI EPICERI  ,-23.74,Restaurant
 06 Jun 2017, MARCHE LAURIER MONTREA  ,-11.94,Alimentation
 06 Jun 2017, MARCHE ROYAL PLUS  ,-7.14,Alimentation midi
 05 Jun 2017, MARCHE ROYAL PLUS  ,-7.39,Alimentation midi
 05 Jun 2017, THAI EXPRESS  ,-12.36,
 05 Jun 2017, UNIVERSAL MEAT MARKET  ,-9.67,
 05 Jun 2017, STM JARRY DIN101  ,-27.00,Metro
 05 Jun 2017,PMT FACT INF HSBC MASTERCARD MasterCard HIB- 273225X190060 IB0501572,-500.00,Mastercard
 05 Jun 2017, MARCHE LAURIER MONTREA  ,-40.89,Alimentation
 02 Jun 2017, MARCHE ROYAL PLUS  ,-9.61,Alimentation midi
 01 Jun 2017, BAR LE VESTIAIRE  ,-22.57,Restaurant
 01 Jun 2017, PREMIERE MOISSON  ,-9.95,
,,,
16 Oct 2017,WWW .STEAMPOWERED.COM  ,-39.99,
19 Oct 2017,NETFLIX.COM,-10.99,
21 Oct 2017,RESTAURANT CASA CACCIA MONTREAL ,-31.73,
22 Oct 2017,ORWELL TV,-7.64,
22 Oct 2017,RESTAURANT BOLDUC   ,-19.8,
24 Oct 2017,BAR LE VESTIAIRE  ,-19.55,
25 Oct 2017,ASSUR BANQUE NATIONALE MONTREAL     ,34.33,
25 Oct 2017,VDE  V,137.97,
26 Oct 2017,Amazon *Marketplce CA  WWW  .AMAZON .CA ONAmazon *Marketplce CA  WWW  .AMAZON .CA ON,24.97,
26 Oct 2017,Amazon,85.99,
26 Oct 2017,APL* ITUNES,31.61,
26 Oct 2017,Amazon,5.39,
26 Oct 2017,BELL CANADA ,63.18,
28 Oct 2017,NEON CLOTHING           MONTREAL       QCNEON CLOTHING           MONTREAL       QC,34.49,
29 Oct 2017,Amazon,30.75,
29 Oct 2017,LE VALET D' COEUR,182.72,
30 Oct 2017,APL* ITUNES,47.13,
30 Oct 2017,Amazon,37.17,
31 Oct 2017,MAGIQUE OPTIQUE        MONTREAL       QCMAGIQUE OPTIQUE        MONTREAL       QC,229,
31 Oct 2017,BEAVERTIX.COM           8888378604    QCBEAVERTIX.COM           8888378604    QC,29,
1 Nov 2017,BAZAR CAFE             MONTREAL       QCBAZAR CAFE             MONTREAL       QC,18.52,
3 Nov 2017,MIMMO HAIR STYLIST     MONTREAL       QCMIMMO HAIR STYLIST     MONTREAL       QC,40,
6 Nov 2017,SERRURIER  BEAUBIEN     MONTREAL       QCSERRURIER  BEAUBIEN     MONTREAL       QC,113.83,
6 Nov 2017,AIR CAN  0142185476460 WINNIPEG      MB,1188.25,
6 Nov 2017,AIR CAN  0142185476460 WINNIPEG      MB,30,
8 Nov 2017,CITIZENSHIP & IMM ON-L GATINEAU       QC,630,
9 Nov 2017,SQ *DEPANNEUR  LE PICK  Montreal      QC,15.43,
18 Sep 2017,ROGERS       *661789503888-764-3771  ONROGERS       *661789503888-764-3771  ON,44.22,
19 Sep 2017,TICKETMASTER1-855-9854 TORONTO        ONTICKETMASTER1-855-9854 TORONTO        ON,37.25,
20 Sep 2017,NETFLIX.COM             866-716-0414  ONNETFLIX.COM             866-716-0414  ON,10.99,
25 Sep 2017,APL * ITUNES .COM /BILL   800-676-2775  ONAPL * ITUNES .COM /BILL   800-676-2775  ON,63.79,
25 Sep 2017,ORWELL TV               LEVALLOIS PER FRAORWELL TV               LEVALLOIS PER FRA,7.56,
25 Sep 2017,THE HOME DEPOT #7149   MONTREAL       QCTHE HOME DEPOT #7149   MONTREAL       QC,56.61,
26 Sep 2017,ASSUR BANQUE NATIONALE MONTREAL       QCASSUR BANQUE NATIONALE MONTREAL       QC,34.33,
29 Sep 2017,BELL CANADA (OB)       MONTREAL       QCBELL CANADA (OB)       MONTREAL       QC,63.18,
2 Oct 2017,BANQUE NATIONAL         MONTREAL       QCBANQUE NATIONAL         MONTREAL       QC,403,
5 Oct 2017,STM MONT ROYAL DAN101  MONTREAL       QC,27,
6 Oct 2017,THE HOME DEPOT #7149   MONTREAL       QC,92.48,
10 Oct 2017,BETONEL DULUX #8523    MONTREAL       QC,81.84,
10 Oct 2017,METRO ST HUBERT 2351   MONTREAL       QC,20.97,
10 Oct 2017,UBER TRIP BVKOK HELP.U help.uber.com NLD,8.83,
10 Oct 2017,MAGASIN CON TIRE #0034 MONTREAL       QC,181.63,
10 Oct 2017,UBER TIP BVKOK HELP.UB help.uber.com NLD,3,
